Contact Id,Email Id,Phone Number,First Name,Last Name,Address,Registration Date,IEEE Position,Field,Department
1,Michael.Hardy@testDomain.com,1360593833,Michael,Hardy,550 Freeman Well,2013-02-24,Null,23,Null
2,Terry.Rice@testDomain.com,1783075226,Terry,Rice,00609 Martin Prairie Apt. 394,2014-06-10,Null,31,Null
3,Jamie.Fisher@testDomain.com,4225622542,Jamie,Fisher,92831 Amy Causeway,2016-11-28,Null,24,Null
4,Lori.Calderon@testDomain.com,5884792780,Lori,Calderon,7618 Jenkins Skyway,2020-03-28,Null,28,Null
5,Michael.Clarke@testDomain.com,2467097495,Michael,Clarke,79953 Torres Estate Apt. 043,2020-05-11,Null,31,Null
6,Gina.Parks@testDomain.com,7309809444,Gina,Parks,5624 Bell Fields,2016-09-22,Null,27,Null
7,Kathryn.Silva@testDomain.com,4562448332,Kathryn,Silva,08793 Mackenzie Divide,2015-07-23,Null,28,Null
8,Natasha.Caldwell@testDomain.com,8259029106,Natasha,Caldwell,207 Kathleen Point,2015-10-15,Null,31,Null
9,Nicholas.Mejia@testDomain.com,6043668780,Nicholas,Mejia,234 Gregory Shoals Apt. 254,2013-05-28,Null,30,Null
10,Michelle.Clark@testDomain.com,2761644446,Michelle,Clark,27758 Melissa Locks Apt. 210,2018-11-23,Null,33,25
11,Brandi.Vincent@testDomain.com,6970156306,Brandi,Vincent,2879 Beasley Key,2018-09-17,Null,30,Null
12,Jason.Moore@testDomain.com,6523022498,Jason,Moore,001 Danielle Corners,2011-11-18,Null,34,Null
13,Jeffery.Anderson@testDomain.com,1740205295,Jeffery,Anderson,5563 Michael Garden,2017-05-11,Null,31,Null
14,Mariah.Dixon@testDomain.com,8403961791,Mariah,Dixon,31247 Deleon Turnpike Suite 226,2017-10-28,Null,26,Null
15,Philip.Thompson@testDomain.com,9792961352,Philip,Thompson,39487 Madison Alley Apt. 711,2015-02-01,Null,31,Null
16,Rhonda.Cochran@testDomain.com,5939056858,Rhonda,Cochran,35405 Smith Forge,2017-10-11,Null,29,Null
17,Catherine.Sanchez@testDomain.com,8582465610,Catherine,Sanchez,774 Barbara Villages Suite 339,2013-06-23,Null,23,Null
18,Tiffany.Osborne@testDomain.com,9183683195,Tiffany,Osborne,9190 Richards Gardens Apt. 409,2012-04-20,Null,31,Null
19,Jeremy.Davis@testDomain.com,7921211767,Jeremy,Davis,69988 Fernandez Mills Suite 714,2012-02-11,Null,23,Null
20,Ann.Reese@testDomain.com,1009461302,Ann,Reese,64263 Scott Ranch,2020-10-11,SSR,30,23
21,Sandra.Boone@testDomain.com,4241668649,Sandra,Boone,473 Wong Lakes,2020-03-30,Null,34,Null
22,Jerry.Travis@testDomain.com,4593723337,Jerry,Travis,367 Sanchez Place Suite 033,2012-01-23,Null,23,Null
23,Brianna.Moore@testDomain.com,8416826159,Brianna,Moore,08400 Shaw Cliff,2014-08-26,Null,33,Null
24,Leonard.Villa@testDomain.com,4894388642,Leonard,Villa,97084 Andrew Crescent Suite 841,2014-12-31,Null,33,Null
25,Andrea.Henderson@testDomain.com,3554813011,Andrea,Henderson,7257 Luis View Apt. 712,2018-11-12,Null,24,Null
26,Kristen.Anderson@testDomain.com,2434044666,Kristen,Anderson,668 King Key,2015-03-19,Null,25,Null
27,Rachel.Rodgers@testDomain.com,1496127159,Rachel,Rodgers,008 Jennifer Passage,2016-01-23,Null,28,Null
28,Raymond.King@testDomain.com,2225956367,Raymond,King,5982 Daniel Plains,2017-03-01,Null,33,Null
29,Joshua.Nichols@testDomain.com,9384359015,Joshua,Nichols,5454 Baldwin Light,2015-12-09,Null,25,Null
30,Mark.Wagner@testDomain.com,2893855489,Mark,Wagner,36970 Vanessa Parks Suite 296,2014-11-25,Null,28,23
31,Brandon.Horton@testDomain.com,9626783302,Brandon,Horton,22396 Shannon Fort,2018-08-26,Null,33,Null
32,Ruth.Maynard@testDomain.com,8666878247,Ruth,Maynard,5021 Gary Coves Suite 958,2019-08-15,Null,33,Null
33,Kenneth.Fitzgerald@testDomain.com,3543310253,Kenneth,Fitzgerald,7586 Schmidt Extensions,2016-10-29,Null,34,Null
34,Rebecca.Ward@testDomain.com,9768142104,Rebecca,Ward,91636 Timothy Center,2013-12-04,Null,32,Null
35,Dawn.Watts@testDomain.com,1575429613,Dawn,Watts,3606 Jamie Stravenue,2016-05-02,Null,32,Null
36,Elizabeth.Kelly@testDomain.com,5839145685,Elizabeth,Kelly,8265 Gregory Rapid Apt. 852,2012-05-06,Null,33,Null
37,Chad.Jones@testDomain.com,4240716041,Chad,Jones,2864 Jason Estates,2014-04-15,Null,33,Null
38,Kevin.Lewis@testDomain.com,5389654241,Kevin,Lewis,0118 Wells Garden,2019-02-07,Null,33,Null
39,Kimberly.Clark@testDomain.com,6675200017,Kimberly,Clark,344 Melissa Well Suite 324,2018-11-24,Null,31,Null
40,Gary.Campbell@testDomain.com,2986142102,Gary,Campbell,05807 Williams Valley,2012-05-10,Section Chair,34,19
41,Sarah.Morris@testDomain.com,5955809034,Sarah,Morris,8441 Bennett Valleys,2020-05-05,Null,32,Null
42,Kevin.Taylor@testDomain.com,5380567531,Kevin,Taylor,792 Samuel Village,2016-07-10,Null,29,Null
43,Michael.Rivera@testDomain.com,9274774499,Michael,Rivera,41318 Olson Common Apt. 665,2016-04-09,Null,25,Null
44,Erica.Brown@testDomain.com,7208939569,Erica,Brown,54069 Matthew Inlet,2018-07-27,Null,23,Null
45,Tina.Buck@testDomain.com,2086203741,Tina,Buck,521 Sawyer Shores Apt. 947,2016-10-21,Null,23,Null
46,Jamie.Ashley@testDomain.com,5115077064,Jamie,Ashley,1526 Chambers Harbors Apt. 543,2011-12-10,Null,26,Null
47,Benjamin.Peterson@testDomain.com,7345805022,Benjamin,Peterson,657 Levy Via Suite 401,2017-07-09,Null,25,Null
48,Matthew.Martin@testDomain.com,6975090978,Matthew,Martin,67967 Amy Hill Suite 631,2015-11-20,Null,25,Null
49,Christopher.Taylor@testDomain.com,2450968904,Christopher,Taylor,5799 Walker Lock Suite 204,2017-04-24,Null,24,Null
50,Michelle.Hunt@testDomain.com,1971967580,Michelle,Hunt,77927 Rose Park,2013-05-28,Null,34,26
51,Danielle.Simon@testDomain.com,8697797517,Danielle,Simon,0724 Kenneth Stream,2017-01-17,Null,32,Null
52,David.Matthews@testDomain.com,7441951444,David,Matthews,86487 Rodriguez Islands Apt. 425,2011-04-30,Null,24,Null
53,Robert.May@testDomain.com,7550850509,Robert,May,1793 Travis Gardens Apt. 289,2014-06-09,Null,23,Null
54,Patricia.Thompson@testDomain.com,5411473843,Patricia,Thompson,740 Wilson Drive Apt. 161,2018-03-19,Null,27,Null
55,Ryan.Schwartz@testDomain.com,8676820138,Ryan,Schwartz,12966 Vicki Falls Apt. 069,2011-10-22,Null,24,Null
56,Adam.Murray@testDomain.com,2408596660,Adam,Murray,81590 Cruz Crescent Apt. 417,2018-04-04,Null,32,Null
57,Alisha.Simmons@testDomain.com,7349706454,Alisha,Simmons,2773 Sandra Valley,2019-10-23,Null,24,Null
58,Aaron.Moore@testDomain.com,1225521393,Aaron,Moore,882 Juan Avenue,2012-07-07,Null,32,Null
59,Kevin.Brown@testDomain.com,4010764907,Kevin,Brown,830 Diaz Groves,2020-07-12,Null,30,Null
60,Melissa.Howell@testDomain.com,1400917622,Melissa,Howell,0314 Delgado Forest,2015-10-23,Section Chair,33,22
61,Lori.Martinez@testDomain.com,7542720548,Lori,Martinez,2099 Rasmussen Knoll,2020-06-12,Null,33,Null
62,David.Haney@testDomain.com,8546719034,David,Haney,50717 Nicole Plains Apt. 544,2011-10-04,Null,27,Null
63,Isaiah.Mills@testDomain.com,4660918015,Isaiah,Mills,138 Brown Via Suite 261,2012-08-29,Null,29,Null
64,Alexandra.Jennings@testDomain.com,8645655561,Alexandra,Jennings,51646 Mayo Villages Suite 834,2013-01-21,Null,29,Null
65,Marie.Carter@testDomain.com,8585120704,Marie,Carter,91412 Swanson Orchard Suite 225,2018-06-08,Null,24,Null
66,Wanda.Meyer@testDomain.com,6051298411,Wanda,Meyer,1074 John Vista Suite 303,2013-12-13,Null,34,Null
67,Ann.Baker@testDomain.com,2732600254,Ann,Baker,3391 Johnson Turnpike,2017-05-26,Null,25,Null
68,Virginia.Gross@testDomain.com,3659023163,Virginia,Gross,890 Lloyd Point,2019-04-04,Null,24,Null
69,Tara.Johnson@testDomain.com,1049294548,Tara,Johnson,4826 Bradley Ways Suite 331,2014-06-21,Null,34,Null
70,Hannah.Campbell@testDomain.com,3005870451,Hannah,Campbell,986 Coleman Fork Suite 044,2018-06-20,Null,31,20
71,Sheryl.Johnston@testDomain.com,2669184091,Sheryl,Johnston,399 Parker Harbors,2016-01-14,Null,32,Null
72,Michael.Gates@testDomain.com,3907160556,Michael,Gates,928 Armstrong Route,2017-01-14,Null,33,Null
73,Charles.Lopez@testDomain.com,8759261099,Charles,Lopez,53466 Green Turnpike Suite 058,2019-09-15,Null,27,Null
74,Bruce.Carter@testDomain.com,8727098257,Bruce,Carter,6989 David Mountains,2020-10-25,Null,29,Null
75,Cory.Shea@testDomain.com,3611120882,Cory,Shea,7877 Johnson View,2020-01-21,Null,29,Null
76,Donna.Sweeney@testDomain.com,1955765137,Donna,Sweeney,465 Karen Coves,2018-11-07,Null,24,Null
77,Brittany.Adams@testDomain.com,1437425996,Brittany,Adams,55197 Ashley Fort,2013-10-04,Null,30,Null
78,Angela.Hartman@testDomain.com,9539580405,Angela,Hartman,313 Shepard Cape,2011-07-09,Null,34,Null
79,Diane.Oliver@testDomain.com,4268082805,Diane,Oliver,262 Fields Run Apt. 890,2011-07-25,Null,24,Null
80,Joshua.Adams@testDomain.com,2507537708,Joshua,Adams,617 Austin Meadow Apt. 376,2012-10-30,Councelor,32,26
81,Kristen.Byrd@testDomain.com,5707171393,Kristen,Byrd,4191 Norton Highway,2020-12-25,Null,24,Null
82,John.Williams@testDomain.com,7064825544,John,Williams,22913 Nathan Brook Apt. 114,2011-04-01,Null,24,Null
83,Catherine.Hill@testDomain.com,5398192231,Catherine,Hill,1538 Walter Mills Apt. 193,2014-10-12,Null,24,Null
84,Matthew.Phillips@testDomain.com,1359424335,Matthew,Phillips,62931 Seth Wall Apt. 341,2018-02-08,Null,32,Null
85,Amy.Rogers@testDomain.com,6778143294,Amy,Rogers,3309 Tyler Stream Suite 873,2011-12-27,Null,27,Null
86,Duane.Watkins@testDomain.com,9182079403,Duane,Watkins,52864 Tiffany Wall,2015-11-16,Null,31,Null
87,Lori.Brown@testDomain.com,4531947912,Lori,Brown,06613 Weber Union,2012-08-24,Null,32,Null
88,Mr..Jerry@testDomain.com,7184685616,Mr.,Jerry,1833 Shannon Track,2019-05-17,Null,29,Null
89,Richard.Hurley@testDomain.com,4954816723,Richard,Hurley,66061 Megan Landing Suite 753,2012-06-12,Null,25,Null
90,Joseph.Turner@testDomain.com,3239844972,Joseph,Turner,8774 Theresa Heights,2012-09-09,Null,23,26
91,Jacqueline.Lewis@testDomain.com,7466045743,Jacqueline,Lewis,7852 Frederick Fort Apt. 436,2015-09-08,Null,28,Null
92,Joshua.Compton@testDomain.com,5931468115,Joshua,Compton,138 Dylan Highway,2016-11-24,Null,33,Null
93,Stephanie.Stokes@testDomain.com,5943009279,Stephanie,Stokes,0289 Castro Burg,2018-07-13,Null,25,Null
94,Jason.Bailey@testDomain.com,5866093029,Jason,Bailey,27798 Michael Junctions,2012-03-26,Null,29,Null
95,Elizabeth.Patel@testDomain.com,4039961607,Elizabeth,Patel,03889 Webster Street,2018-01-07,Null,24,Null
96,Carol.Austin@testDomain.com,8953336503,Carol,Austin,8899 Christopher Fort,2013-02-02,Null,32,Null
97,Madeline.Nguyen@testDomain.com,5074438636,Madeline,Nguyen,262 Price Valley,2012-12-02,Null,26,Null
98,Ashley.Cline@testDomain.com,9780701766,Ashley,Cline,04374 Shawn Port,2013-02-08,Null,24,Null
99,Shelly.Schmitt@testDomain.com,6356693436,Shelly,Schmitt,62229 Alexander Corners,2014-09-12,Null,27,Null
100,David.Rios@testDomain.com,7064918711,David,Rios,76357 Wagner Summit Apt. 237,2013-01-10,Section Chair,31,20
101,Heather.Hughes@testDomain.com,7682895320,Heather,Hughes,3614 Lawrence Forges,2012-11-25,Null,30,Null
102,Shane.Jenkins@testDomain.com,5653765552,Shane,Jenkins,5097 David Valley Suite 599,2017-11-16,Null,30,Null
103,Jason.Bryant@testDomain.com,8935219758,Jason,Bryant,437 Isaac Dam Suite 491,2013-07-23,Null,23,Null
104,Denise.Brown@testDomain.com,3395885700,Denise,Brown,1528 Russell Ridges,2012-02-04,Null,34,Null
105,Nicholas.Tate@testDomain.com,8379041685,Nicholas,Tate,04508 Allison Trail Suite 256,2017-07-31,Null,25,Null
106,Nathan.Santana@testDomain.com,7428248717,Nathan,Santana,59404 Jones Mills,2020-03-23,Null,34,Null
107,Ms..Stephanie@testDomain.com,8843392572,Ms.,Stephanie,31575 Joel Canyon,2012-05-22,Null,27,Null
108,James.Robinson@testDomain.com,9801580604,James,Robinson,89161 Michael Estate Apt. 912,2017-07-28,Null,26,Null
109,Steven.Thomas@testDomain.com,1402364839,Steven,Thomas,44080 Hawkins Via,2016-02-08,Null,29,Null
110,Mr..Mario@testDomain.com,9599049154,Mr.,Mario,8561 Brandon Island,2013-08-20,Null,24,24
111,Alex.Todd@testDomain.com,9431374963,Alex,Todd,921 John Islands Suite 014,2017-06-08,Null,28,Null
112,Mark.Villegas@testDomain.com,9123759251,Mark,Villegas,70020 Robert Stravenue Apt. 998,2019-08-14,Null,29,Null
113,Lauren.Olsen@testDomain.com,8686791269,Lauren,Olsen,085 Ann Passage,2014-09-19,Null,29,Null
114,Donna.Barrera@testDomain.com,4340567492,Donna,Barrera,388 Turner Shoal,2014-10-11,Null,33,Null
115,Joseph.Wall@testDomain.com,2166588085,Joseph,Wall,441 Gonzalez Forest Suite 592,2019-08-13,Null,24,Null
116,Janice.Ramos@testDomain.com,7389476750,Janice,Ramos,897 Knight Knolls,2016-11-10,Null,26,Null
117,Mariah.Howard@testDomain.com,9096399013,Mariah,Howard,44942 Nichols Dale,2020-04-13,Null,25,Null
118,Elaine.Bennett@testDomain.com,5452243602,Elaine,Bennett,294 Glen Loop,2018-11-30,Null,30,Null
119,Tabitha.Norris@testDomain.com,6903127995,Tabitha,Norris,4058 Bailey Lake Suite 074,2015-07-12,Null,31,Null
120,Mr..Connor@testDomain.com,8530446419,Mr.,Connor,7786 Sarah Circle,2013-07-11,SSR,30,22
121,Anne.Perkins@testDomain.com,3898863707,Anne,Perkins,533 Briggs Glens Suite 200,2015-06-15,Null,30,Null
122,Brandon.Larson@testDomain.com,6607730005,Brandon,Larson,435 Robinson Cove Apt. 569,2015-01-20,Null,29,Null
123,Melissa.Reynolds@testDomain.com,8047599149,Melissa,Reynolds,635 Sarah Spurs,2020-09-19,Null,24,Null
124,Nathaniel.Ortiz@testDomain.com,1687987634,Nathaniel,Ortiz,5799 Kimberly Locks Apt. 121,2012-02-21,Null,23,Null
125,Jennifer.Cohen@testDomain.com,4639616302,Jennifer,Cohen,89547 Michelle Spur Apt. 860,2017-11-22,Null,24,Null
126,Chris.Perez@testDomain.com,3011255684,Chris,Perez,9233 Robert Parkways,2014-01-01,Null,26,Null
127,Heather.Gutierrez@testDomain.com,9278505618,Heather,Gutierrez,03476 Smith Wells Suite 424,2019-02-05,Null,33,Null
128,Michael.Bell@testDomain.com,8910963777,Michael,Bell,29032 Nathaniel Freeway,2015-06-18,Null,34,Null
129,Robert.Bradley@testDomain.com,8290854105,Robert,Bradley,95562 Lisa Dale,2016-07-28,Null,26,Null
130,Teresa.Reyes@testDomain.com,7296166709,Teresa,Reyes,18251 Barton Mission,2013-11-20,Null,30,22
131,Jonathan.Bell@testDomain.com,6336267809,Jonathan,Bell,4655 Edwards Glens Apt. 883,2018-12-15,Null,27,Null
132,Kayla.Lewis@testDomain.com,7679710544,Kayla,Lewis,424 Michael Place Apt. 463,2019-07-22,Null,32,Null
133,Erin.Carson@testDomain.com,5179972077,Erin,Carson,832 Rivera Forest Suite 759,2015-06-15,Null,32,Null
134,Maria.Gonzalez@testDomain.com,4984588219,Maria,Gonzalez,0864 Matthews Camp,2020-06-20,Null,29,Null
135,Scott.Wong@testDomain.com,7948707861,Scott,Wong,23205 Beck Shoal Suite 926,2017-01-12,Null,33,Null
136,Juan.Palmer@testDomain.com,8052822071,Juan,Palmer,274 Armstrong Unions,2016-07-11,Null,30,Null
137,Danielle.Baker@testDomain.com,9511189688,Danielle,Baker,271 Hunter Points Suite 675,2017-06-23,Null,31,Null
138,Erin.Daugherty@testDomain.com,5507448835,Erin,Daugherty,28397 Romero Locks Suite 045,2017-01-27,Null,27,Null
139,Erin.Barton@testDomain.com,8964191101,Erin,Barton,4879 Bailey Lakes,2016-09-04,Null,25,Null
140,Denise.Hunt@testDomain.com,9110184085,Denise,Hunt,990 Wallace River,2019-03-06,Councelor,27,27
141,Sara.Gould@testDomain.com,3175893698,Sara,Gould,40631 Ashlee Lodge,2016-03-30,Null,28,Null
142,Jonathan.Hayes@testDomain.com,8044850016,Jonathan,Hayes,2563 Hill Bypass Apt. 013,2013-04-16,Null,25,Null
143,Sonya.Young@testDomain.com,2067490539,Sonya,Young,1707 Smith Forks,2020-07-15,Null,24,Null
144,Peggy.Villanueva@testDomain.com,8090146746,Peggy,Villanueva,98433 Patel Path,2014-02-09,Null,30,Null
145,James.Coleman@testDomain.com,9683645989,James,Coleman,12256 Adam Crossroad,2017-12-01,Null,31,Null
146,Gina.Phillips@testDomain.com,4396663776,Gina,Phillips,40519 Lisa Mall Suite 920,2014-10-13,Null,25,Null
147,Maurice.Jones@testDomain.com,6441568968,Maurice,Jones,7340 Kathleen Garden,2016-06-28,Null,26,Null
148,Mary.Moran@testDomain.com,1314203820,Mary,Moran,4396 Denise Turnpike,2020-11-27,Null,26,Null
149,Austin.Sherman@testDomain.com,8945887851,Austin,Sherman,660 Clark Radial Apt. 969,2014-12-17,Null,33,Null
150,Joshua.Watkins@testDomain.com,4051274445,Joshua,Watkins,294 Haynes Place Apt. 263,2012-12-29,Null,31,22
151,Kathleen.Phillips@testDomain.com,8007192866,Kathleen,Phillips,8053 Brown Haven Suite 009,2013-04-02,Null,32,Null
152,Robert.Manning@testDomain.com,3845503718,Robert,Manning,4717 Kevin Cove,2017-02-14,Null,33,Null
153,Edward.Rice@testDomain.com,7531604480,Edward,Rice,79613 Shannon Route Apt. 370,2013-11-06,Null,29,Null
154,Jonathan.Morris@testDomain.com,9468095809,Jonathan,Morris,2891 Bishop Points Apt. 017,2012-10-04,Null,23,Null
155,Brenda.Ingram@testDomain.com,5598135180,Brenda,Ingram,67397 Misty Springs,2013-04-06,Null,28,Null
156,Cathy.Stewart@testDomain.com,3938842131,Cathy,Stewart,9945 Berry Locks Apt. 048,2011-06-01,Null,34,Null
157,Maria.Barr@testDomain.com,4789057514,Maria,Barr,63844 White Springs Suite 422,2014-02-21,Null,26,Null
158,Thomas.Mcgee@testDomain.com,2369081825,Thomas,Mcgee,9043 Armstrong Isle,2011-02-19,Null,24,Null
159,Sean.Clark@testDomain.com,5257447616,Sean,Clark,6079 James View Apt. 746,2017-10-16,Null,25,Null
160,Patricia.Farmer@testDomain.com,3004852663,Patricia,Farmer,09463 Jimenez Pine,2016-09-01,Advisor,33,26
161,Jessica.Palmer@testDomain.com,3026061669,Jessica,Palmer,1582 Jones Stravenue,2013-09-10,Null,34,Null
162,Christopher.Sanchez@testDomain.com,7737654332,Christopher,Sanchez,24927 Hall Mountains Suite 237,2017-04-29,Null,30,Null
163,Joe.Martin@testDomain.com,8926922524,Joe,Martin,47587 Collins Squares,2017-03-27,Null,24,Null
164,Gary.Robinson@testDomain.com,4074222997,Gary,Robinson,5405 Joshua Tunnel Apt. 794,2011-03-26,Null,27,Null
165,Tommy.Bradford@testDomain.com,1111853411,Tommy,Bradford,621 Ryan Underpass Apt. 331,2016-03-01,Null,28,Null
166,Kathryn.Williams@testDomain.com,8201064212,Kathryn,Williams,320 Flores Drives,2014-04-27,Null,26,Null
167,Jamie.Johnson@testDomain.com,2054161790,Jamie,Johnson,13187 Joseph Hollow,2012-06-20,Null,28,Null
168,Shannon.Wilson@testDomain.com,1818358119,Shannon,Wilson,50263 Bell Courts Apt. 992,2015-03-19,Null,25,Null
169,Joshua.Erickson@testDomain.com,8004515325,Joshua,Erickson,36172 Martin Ports,2012-08-08,Null,32,Null
170,Angela.Silva@testDomain.com,8542123733,Angela,Silva,7349 Shannon River Apt. 720,2017-11-13,Null,29,21
171,Kylie.Sanders@testDomain.com,3090946286,Kylie,Sanders,26526 Mark Ford,2016-04-08,Null,23,Null
172,Jennifer.Peck@testDomain.com,1464753758,Jennifer,Peck,854 Taylor Port Apt. 729,2019-02-08,Null,33,Null
173,Tony.Cooper@testDomain.com,1098170545,Tony,Cooper,2865 Angela Green Suite 926,2019-09-12,Null,23,Null
174,Luis.Calhoun@testDomain.com,8488563662,Luis,Calhoun,323 West Springs,2017-11-26,Null,31,Null
175,Samantha.Smith@testDomain.com,4673103165,Samantha,Smith,8190 Matthew Knolls,2014-06-23,Null,32,Null
176,Jordan.Martinez@testDomain.com,4053837674,Jordan,Martinez,12078 Le Vista,2020-11-21,Null,28,Null
177,Elizabeth.Soto@testDomain.com,3526590186,Elizabeth,Soto,18318 Moreno Extension Suite 487,2018-01-04,Null,24,Null
178,Eric.Watson@testDomain.com,4115873492,Eric,Watson,575 Barnett Coves,2020-08-10,Null,30,Null
179,Brandon.Saunders@testDomain.com,5255304010,Brandon,Saunders,202 Reynolds Circle Suite 722,2018-08-25,Null,31,Null
180,Shelly.Gay@testDomain.com,7535897829,Shelly,Gay,896 Pace Stream Apt. 303,2019-04-18,Section Chair,28,27
181,Michael.Mcconnell@testDomain.com,8959149702,Michael,Mcconnell,90845 Parker Wall,2019-11-18,Null,28,Null
182,Joshua.Harris@testDomain.com,8106586393,Joshua,Harris,25544 Andrew Field,2015-05-25,Null,23,Null
183,George.James@testDomain.com,5662114128,George,James,66404 Christine Bridge Apt. 309,2011-02-10,Null,31,Null
184,Steven.Moss@testDomain.com,3238046361,Steven,Moss,08793 Henderson Knoll,2014-11-22,Null,25,Null
185,Robert.Thomas@testDomain.com,1162991143,Robert,Thomas,2656 Ward Locks,2017-06-11,Null,30,Null
186,Melanie.Wright@testDomain.com,1236273511,Melanie,Wright,519 Shannon Manor Suite 351,2013-08-29,Null,27,Null
187,Jennifer.Gross@testDomain.com,1891400197,Jennifer,Gross,91907 Christine Valley Apt. 336,2013-02-10,Null,27,Null
188,Paul.Bentley@testDomain.com,4789472938,Paul,Bentley,2869 Nicholas Mall,2018-09-16,Null,30,Null
189,Lauren.Allen@testDomain.com,8047498374,Lauren,Allen,8683 Sanders Terrace Apt. 414,2011-01-18,Null,23,Null
190,Jessica.Holland@testDomain.com,4841919232,Jessica,Holland,3974 Moore Views,2019-05-18,Null,26,22
191,Dale.Bailey@testDomain.com,9128199805,Dale,Bailey,9560 Bryant Spring Suite 043,2012-10-21,Null,31,Null
192,Amy.Hardy@testDomain.com,2698036165,Amy,Hardy,28390 Ryan Island,2020-02-07,Null,26,Null
193,Nathan.Jones@testDomain.com,6505623857,Nathan,Jones,46917 Payne Lane,2020-08-23,Null,24,Null
194,Amanda.Hansen@testDomain.com,6535418942,Amanda,Hansen,7508 Nunez Inlet Suite 048,2016-11-11,Null,25,Null
195,Jessica.Anderson@testDomain.com,5094069791,Jessica,Anderson,29080 Erik Island,2013-02-23,Null,33,Null
196,Amanda.Ross@testDomain.com,6711173238,Amanda,Ross,3164 Anthony Forks,2016-05-28,Null,30,Null
197,Scott.Briggs@testDomain.com,7327980410,Scott,Briggs,59407 Samantha Ferry Apt. 070,2012-04-09,Null,31,Null
198,Maxwell.Schneider@testDomain.com,4549878653,Maxwell,Schneider,6451 Justin Plains,2020-04-27,Null,33,Null
199,Shannon.Clay@testDomain.com,2799157202,Shannon,Clay,478 Campos Walk,2020-12-19,Null,30,Null
200,Stephanie.Gillespie@testDomain.com,6678880695,Stephanie,Gillespie,272 Kimberly Spring,2016-02-18,Section Chair,30,20
