Email,First Name,Last Name
Abigail.Hudson@testDomain.com,Abigail,Hudson
Adam.Johnson@testDomain.com,Adam,Johnson
Adam.Myers@testDomain.com,Adam,Myers
Alexandra.Anderson@testDomain.com,Alexandra,Anderson
Alexis.Mayo@testDomain.com,Alexis,Mayo
Alice.Green@testDomain.com,Alice,Green
Allison.Brown@testDomain.com,Allison,Brown
Amanda.Potts@testDomain.com,Amanda,Potts
Amanda.Robinson@testDomain.com,Amanda,Robinson
Amanda.Sanchez@testDomain.com,Amanda,Sanchez
Amber.Hardy@testDomain.com,Amber,Hardy
Amy.Thomas@testDomain.com,Amy,Thomas
Andrea.Brewer@testDomain.com,Andrea,Brewer
Andrea.Mahoney@testDomain.com,Andrea,Mahoney
Andrea.Poole@testDomain.com,Andrea,Poole
Andrew.Montgomery@testDomain.com,Andrew,Montgomery
Andrew.Smith@testDomain.com,Andrew,Smith
Ann.Singh@testDomain.com,Ann,Singh
Annette.Joyce@testDomain.com,Annette,Joyce
Anthony.Benson@testDomain.com,Anthony,Benson
Anthony.Henry@testDomain.com,Anthony,Henry
April.Davis@testDomain.com,April,Davis
Ashley.Williams@testDomain.com,Ashley,Williams
Audrey.Anderson@testDomain.com,Audrey,Anderson
Barry.Sullivan@testDomain.com,Barry,Sullivan
Blake.Coleman@testDomain.com,Blake,Coleman
Brandi.Weber@testDomain.com,Brandi,Weber
Brandy.Buchanan@testDomain.com,Brandy,Buchanan
Breanna.Price@testDomain.com,Breanna,Price
Brian.Turner@testDomain.com,Brian,Turner
Briana.Adkins@testDomain.com,Briana,Adkins
Brianna.Flynn@testDomain.com,Brianna,Flynn
Brianna.Strong@testDomain.com,Brianna,Strong
Brittany.Patel@testDomain.com,Brittany,Patel
Brittney.Doyle@testDomain.com,Brittney,Doyle
Bruce.Obrien@testDomain.com,Bruce,Obrien
Bryan.Branch@testDomain.com,Bryan,Branch
Candice.Grant@testDomain.com,Candice,Grant
Carlos.Marquez@testDomain.com,Carlos,Marquez
Cassidy.Davis@testDomain.com,Cassidy,Davis
Catherine.Doyle@testDomain.com,Catherine,Doyle
Catherine.Willis@testDomain.com,Catherine,Willis
Chad.Robinson@testDomain.com,Chad,Robinson
Charles.Merritt@testDomain.com,Charles,Merritt
Charlotte.Steele@testDomain.com,Charlotte,Steele
Cheryl.Galloway@testDomain.com,Cheryl,Galloway
Cheryl.Romero@testDomain.com,Cheryl,Romero
Christina.Guzman@testDomain.com,Christina,Guzman
Christina.Sandoval@testDomain.com,Christina,Sandoval
Christopher.Cochran@testDomain.com,Christopher,Cochran
Christopher.Roberts@testDomain.com,Christopher,Roberts
Christopher.West@testDomain.com,Christopher,West
Cindy.Graham@testDomain.com,Cindy,Graham
Cole.Conley@testDomain.com,Cole,Conley
Colton.Escobar@testDomain.com,Colton,Escobar
Courtney.Fisher@testDomain.com,Courtney,Fisher
Courtney.Moyer@testDomain.com,Courtney,Moyer
Crystal.Johnson@testDomain.com,Crystal,Johnson
Curtis.Cervantes@testDomain.com,Curtis,Cervantes
Cynthia.Friedman@testDomain.com,Cynthia,Friedman
Dakota.Cross@testDomain.com,Dakota,Cross
Dana.Santos@testDomain.com,Dana,Santos
Daniel.Davis@testDomain.com,Daniel,Davis
Daniel.Hardy@testDomain.com,Daniel,Hardy
Daniel.Johnson@testDomain.com,Daniel,Johnson
Danielle.Freeman@testDomain.com,Danielle,Freeman
David.Adams@testDomain.com,David,Adams
David.George@testDomain.com,David,George
Deborah.Boyle@testDomain.com,Deborah,Boyle
Deborah.Hansen@testDomain.com,Deborah,Hansen
Dennis.Bryant@testDomain.com,Dennis,Bryant
Derrick.Brown@testDomain.com,Derrick,Brown
Donna.Thomas@testDomain.com,Donna,Thomas
Dr..Kimberly@testDomain.com,Dr.,Kimberly
Elizabeth.Rojas@testDomain.com,Elizabeth,Rojas
Emma.Orozco@testDomain.com,Emma,Orozco
Eric.Singh@testDomain.com,Eric,Singh
Erika.Frazier@testDomain.com,Erika,Frazier
Franklin.Morton@testDomain.com,Franklin,Morton
Gabriela.Baker@testDomain.com,Gabriela,Baker
Gail.Lopez@testDomain.com,Gail,Lopez
Gail.Vasquez@testDomain.com,Gail,Vasquez
Garrett.Li@testDomain.com,Garrett,Li
George.Graham@testDomain.com,George,Graham
George.Parker@testDomain.com,George,Parker
Gerald.Taylor@testDomain.com,Gerald,Taylor
Hailey.Brown@testDomain.com,Hailey,Brown
Haley.Mclean@testDomain.com,Haley,Mclean
Heather.Collins@testDomain.com,Heather,Collins
Heather.Perez@testDomain.com,Heather,Perez
Heidi.Jones@testDomain.com,Heidi,Jones
Jacob.Kelly@testDomain.com,Jacob,Kelly
Jacob.Reynolds@testDomain.com,Jacob,Reynolds
James.Brady@testDomain.com,James,Brady
James.Duncan@testDomain.com,James,Duncan
James.Horton@testDomain.com,James,Horton
Jamie.Flores@testDomain.com,Jamie,Flores
Jane.Foster@testDomain.com,Jane,Foster
Janet.Cardenas@testDomain.com,Janet,Cardenas
Jason.Bradley@testDomain.com,Jason,Bradley
Jason.Campbell@testDomain.com,Jason,Campbell
Jeffrey.Dixon@testDomain.com,Jeffrey,Dixon
Jeffrey.Thompson@testDomain.com,Jeffrey,Thompson
Jennifer.Neal@testDomain.com,Jennifer,Neal
Jennifer.Taylor@testDomain.com,Jennifer,Taylor
Jeremy.Castillo@testDomain.com,Jeremy,Castillo
Jessica.Schneider@testDomain.com,Jessica,Schneider
Jesus.Collins@testDomain.com,Jesus,Collins
John.Barnes@testDomain.com,John,Barnes
John.Jones@testDomain.com,John,Jones
John.Tanner@testDomain.com,John,Tanner
Johnathan.Bentley@testDomain.com,Johnathan,Bentley
Jonathan.Mitchell@testDomain.com,Jonathan,Mitchell
Joseph.Henderson@testDomain.com,Joseph,Henderson
Joseph.Huynh@testDomain.com,Joseph,Huynh
Joseph.Miller@testDomain.com,Joseph,Miller
Joseph.Perez@testDomain.com,Joseph,Perez
Joshua.Turner@testDomain.com,Joshua,Turner
Juan.Rivera@testDomain.com,Juan,Rivera
Juan.Wiley@testDomain.com,Juan,Wiley
Justin.Perry@testDomain.com,Justin,Perry
Kaitlin.Mclaughlin@testDomain.com,Kaitlin,Mclaughlin
Kara.Ferguson@testDomain.com,Kara,Ferguson
Kara.Wright@testDomain.com,Kara,Wright
Karen.Leonard@testDomain.com,Karen,Leonard
Karen.Malone@testDomain.com,Karen,Malone
Katelyn.Turner@testDomain.com,Katelyn,Turner
Katherine.Thomas@testDomain.com,Katherine,Thomas
Keith.Diaz@testDomain.com,Keith,Diaz
Keith.Parks@testDomain.com,Keith,Parks
Kelly.Gay@testDomain.com,Kelly,Gay
Kelly.Reese@testDomain.com,Kelly,Reese
Kelly.Sanders@testDomain.com,Kelly,Sanders
Kenneth.Graham@testDomain.com,Kenneth,Graham
Kenneth.Pace@testDomain.com,Kenneth,Pace
Kevin.Gilmore@testDomain.com,Kevin,Gilmore
Kevin.Graham@testDomain.com,Kevin,Graham
Kevin.Townsend@testDomain.com,Kevin,Townsend
Kevin.White@testDomain.com,Kevin,White
Kim.Berry@testDomain.com,Kim,Berry
Kim.Perry@testDomain.com,Kim,Perry
Kimberly.Lewis@testDomain.com,Kimberly,Lewis
Kimberly.Osborn@testDomain.com,Kimberly,Osborn
Kimberly.Ruiz@testDomain.com,Kimberly,Ruiz
Kyle.Shelton@testDomain.com,Kyle,Shelton
Larry.Smith@testDomain.com,Larry,Smith
Laura.Brown@testDomain.com,Laura,Brown
Laura.Harvey@testDomain.com,Laura,Harvey
Laura.Nguyen@testDomain.com,Laura,Nguyen
Linda.Garrett@testDomain.com,Linda,Garrett
Lori.Green@testDomain.com,Lori,Green
Lori.Wood@testDomain.com,Lori,Wood
Lorraine.Reynolds@testDomain.com,Lorraine,Reynolds
Louis.Vasquez@testDomain.com,Louis,Vasquez
Luis.Flores@testDomain.com,Luis,Flores
Marcus.Frazier@testDomain.com,Marcus,Frazier
Maria.Nelson@testDomain.com,Maria,Nelson
Marie.James@testDomain.com,Marie,James
Marissa.White@testDomain.com,Marissa,White
Mark.Maldonado@testDomain.com,Mark,Maldonado
Mark.Villa@testDomain.com,Mark,Villa
Martin.Rowland@testDomain.com,Martin,Rowland
Mary.Bryan@testDomain.com,Mary,Bryan
Mary.Oconnor@testDomain.com,Mary,Oconnor
Matthew.Torres@testDomain.com,Matthew,Torres
Megan.Gibson@testDomain.com,Megan,Gibson
Melanie.Joseph@testDomain.com,Melanie,Joseph
Melissa.Brown@testDomain.com,Melissa,Brown
Melissa.Norton@testDomain.com,Melissa,Norton
Meredith.Harmon@testDomain.com,Meredith,Harmon
Michael.Bennett@testDomain.com,Michael,Bennett
Michael.Gordon@testDomain.com,Michael,Gordon
Michael.Jones@testDomain.com,Michael,Jones
Michael.Martinez@testDomain.com,Michael,Martinez
Michael.Parker@testDomain.com,Michael,Parker
Michael.Woods@testDomain.com,Michael,Woods
Michelle.Davis@testDomain.com,Michelle,Davis
Michelle.Herman@testDomain.com,Michelle,Herman
Mike.Leonard@testDomain.com,Mike,Leonard
Molly.Carter@testDomain.com,Molly,Carter
Monica.Smith@testDomain.com,Monica,Smith
Morgan.White@testDomain.com,Morgan,White
Mr..Joe@testDomain.com,Mr.,Joe
Mr..Michael@testDomain.com,Mr.,Michael
Mrs..Amanda@testDomain.com,Mrs.,Amanda
Mrs..Kristen@testDomain.com,Mrs.,Kristen
Ms..Jennifer@testDomain.com,Ms.,Jennifer
Natasha.Carter@testDomain.com,Natasha,Carter
Nicholas.Davenport@testDomain.com,Nicholas,Davenport
Nicole.Burns@testDomain.com,Nicole,Burns
Pamela.Castillo@testDomain.com,Pamela,Castillo
Pamela.Ryan@testDomain.com,Pamela,Ryan
Patricia.Bryant@testDomain.com,Patricia,Bryant
Paul.Henderson@testDomain.com,Paul,Henderson
Paul.Medina@testDomain.com,Paul,Medina
Paul.Rivera@testDomain.com,Paul,Rivera
Paula.Ross@testDomain.com,Paula,Ross
Peter.Patterson@testDomain.com,Peter,Patterson
Rachel.Bell@testDomain.com,Rachel,Bell
Rachel.Mccormick@testDomain.com,Rachel,Mccormick
Randy.Wilson@testDomain.com,Randy,Wilson
Rhonda.Jones@testDomain.com,Rhonda,Jones
Rhonda.Mcpherson@testDomain.com,Rhonda,Mcpherson
Richard.Lee@testDomain.com,Richard,Lee
Robert.Becker@testDomain.com,Robert,Becker
Robert.Downs@testDomain.com,Robert,Downs
Robert.Hudson@testDomain.com,Robert,Hudson
Robert.Knox@testDomain.com,Robert,Knox
Robert.Lane@testDomain.com,Robert,Lane
Robert.Rocha@testDomain.com,Robert,Rocha
Robert.Smith@testDomain.com,Robert,Smith
Robert.Warner@testDomain.com,Robert,Warner
Robin.Johnson@testDomain.com,Robin,Johnson
Russell.Bailey@testDomain.com,Russell,Bailey
Ryan.Newman@testDomain.com,Ryan,Newman
Ryan.Valentine@testDomain.com,Ryan,Valentine
Samantha.Coleman@testDomain.com,Samantha,Coleman
Samantha.Davenport@testDomain.com,Samantha,Davenport
Samantha.Miller@testDomain.com,Samantha,Miller
Samuel.Oconnor@testDomain.com,Samuel,Oconnor
Savannah.Suarez@testDomain.com,Savannah,Suarez
Sergio.Hernandez@testDomain.com,Sergio,Hernandez
Shannon.Fowler@testDomain.com,Shannon,Fowler
Shannon.Simpson@testDomain.com,Shannon,Simpson
Shawn.Robinson@testDomain.com,Shawn,Robinson
Sheri.Escobar@testDomain.com,Sheri,Escobar
Sheryl.Vasquez@testDomain.com,Sheryl,Vasquez
Stephanie.Dixon@testDomain.com,Stephanie,Dixon
Stephanie.Hopkins@testDomain.com,Stephanie,Hopkins
Stephanie.Roberts@testDomain.com,Stephanie,Roberts
Stephanie.Vasquez@testDomain.com,Stephanie,Vasquez
Stephen.Lopez@testDomain.com,Stephen,Lopez
Stephen.Rose@testDomain.com,Stephen,Rose
Steven.Bryant@testDomain.com,Steven,Bryant
Steven.Clark@testDomain.com,Steven,Clark
Steven.Roach@testDomain.com,Steven,Roach
Steven.Scott@testDomain.com,Steven,Scott
Susan.Meza@testDomain.com,Susan,Meza
Susan.Nguyen@testDomain.com,Susan,Nguyen
Suzanne.Anderson@testDomain.com,Suzanne,Anderson
Tanner.Faulkner@testDomain.com,Tanner,Faulkner
Tanner.Morris@testDomain.com,Tanner,Morris
Tara.Clark@testDomain.com,Tara,Clark
Taylor.Hutchinson@testDomain.com,Taylor,Hutchinson
Teresa.Hernandez@testDomain.com,Teresa,Hernandez
Teresa.Holmes@testDomain.com,Teresa,Holmes
Theresa.Graves@testDomain.com,Theresa,Graves
Thomas.Anderson@testDomain.com,Thomas,Anderson
Thomas.Martinez@testDomain.com,Thomas,Martinez
Timothy.Johnson@testDomain.com,Timothy,Johnson
Timothy.Ramirez@testDomain.com,Timothy,Ramirez
Tommy.Thompson@testDomain.com,Tommy,Thompson
Tracey.Bender@testDomain.com,Tracey,Bender
Travis.Myers@testDomain.com,Travis,Myers
Trevor.Warner@testDomain.com,Trevor,Warner
Victor.Hayes@testDomain.com,Victor,Hayes
Victor.Torres@testDomain.com,Victor,Torres
Vincent.Rivera@testDomain.com,Vincent,Rivera
Wayne.Smith@testDomain.com,Wayne,Smith
Wendy.Marks@testDomain.com,Wendy,Marks
Wendy.Smith@testDomain.com,Wendy,Smith
Wendy.Watson@testDomain.com,Wendy,Watson
Wendy.White@testDomain.com,Wendy,White
Yesenia.King@testDomain.com,Yesenia,King
Zachary.Ray@testDomain.com,Zachary,Ray
